{
  "efull_s0": {
    "fvu": 0.03565610572695732,
    "alive": 0.646484375,
    "secs": 34.5
  },
  "efull_s1": {
    "fvu": 0.034894198179244995,
    "alive": 0.673583984375,
    "secs": 31.7
  },
  "efull_s2": {
    "fvu": 0.03589534014463425,
    "alive": 0.708984375,
    "secs": 32.6
  },
  "efull_s3": {
    "fvu": 0.035665374249219894,
    "alive": 0.66796875,
    "secs": 32.2
  },
  "efull_s4": {
    "fvu": 0.03546382114291191,
    "alive": 0.7001953125,
    "secs": 32.4
  },
  "eimg_s0": {
    "fvu": 0.03372505307197571,
    "alive": 0.6591796875,
    "secs": 32.2
  },
  "eimg_s1": {
    "fvu": 0.033456627279520035,
    "alive": 0.65478515625,
    "secs": 38.5
  },
  "eimg_s2": {
    "fvu": 0.03340711444616318,
    "alive": 0.662109375,
    "secs": 33.0
  },
  "eimg_s3": {
    "fvu": 0.03399176523089409,
    "alive": 0.646240234375,
    "secs": 32.5
  },
  "eimg_s4": {
    "fvu": 0.03377194330096245,
    "alive": 0.696533203125,
    "secs": 32.3
  }
}