{
  "snap": 771,
  "issue": "data-inconsistent subhalos in PIG_771_subfind",
  "nFlagged": 208,
  "nMassMismatch": 208,
  "indexRange": [
    9880148,
    9887673
  ],
  "fracThroughSubhaloArray": [
    0.21911263859803365,
    0.2192795209772703
  ],
  "fofGroups": [
    13377,
    13378
  ],
  "relDevStats": {
    "max": 0.2921242168228506,
    "median_of_flagged": 0.03951212822708812
  },
  "evidence": "per-subhalo-seek mass sum != SubhaloMassType[4] (e.g. idx9880149 ratio 0.885); member stars 296-590 ckpc/h from own SubhaloPos -> emptyAperture; catalog faithful to subfind (off/len/massType mism=0); other snaps clean",
  "action": "flag pathology='massMismatch'; exclude from science sample; NO rerun",
  "flaggedIndices": [
    9880148,
    9880149,
    9880283,
    9880284,
    9880285,
    9880286,
    9880287,
    9880288,
    9880289,
    9880290,
    9880291,
    9880299,
    9880506,
    9880507,
    9880508,
    9880513,
    9880540,
    9880673,
    9880675,
    9880796,
    9880797,
    9880798,
    9880799,
    9880800,
    9880952,
    9880953,
    9880954,
    9880955,
    9880956,
    9881122,
    9881123,
    9881124,
    9881125,
    9881126,
    9881127,
    9881128,
    9881129,
    9881325,
    9881326,
    9881327,
    9881328,
    9881330,
    9881331,
    9881620,
    9881623,
    9881624,
    9881799,
    9881800,
    9881801,
    9881802,
    9881803,
    9881804,
    9881905,
    9881906,
    9881907,
    9881908,
    9881909,
    9881922,
    9882137,
    9882138,
    9882139,
    9882290,
    9882292,
    9882422,
    9882608,
    9882609,
    9882610,
    9882611,
    9882613,
    9882815,
    9882816,
    9882817,
    9882818,
    9882819,
    9882820,
    9882964,
    9882965,
    9882966,
    9882967,
    9882968,
    9882981,
    9883032,
    9883181,
    9883182,
    9883331,
    9883332,
    9883333,
    9883334,
    9883338,
    9883483,
    9883484,
    9883485,
    9883486,
    9883487,
    9883488,
    9883489,
    9883490,
    9883733,
    9883743,
    9883897,
    9883899,
    9884065,
    9884066,
    9884067,
    9884068,
    9884069,
    9884071,
    9884246,
    9884247,
    9884248,
    9884250,
    9884251,
    9884253,
    9884408,
    9884409,
    9884410,
    9884411,
    9884412,
    9884416,
    9884625,
    9884626,
    9884627,
    9884628,
    9884629,
    9884631,
    9884633,
    9884636,
    9884638,
    9884873,
    9884874,
    9884875,
    9884879,
    9884880,
    9885020,
    9885021,
    9885023,
    9885139,
    9885140,
    9885141,
    9885142,
    9885145,
    9885149,
    9885150,
    9885314,
    9885315,
    9885316,
    9885318,
    9885319,
    9885528,
    9885529,
    9885530,
    9885531,
    9885533,
    9885721,
    9885722,
    9885723,
    9885724,
    9885725,
    9885903,
    9885904,
    9886012,
    9886013,
    9886014,
    9886015,
    9886016,
    9886017,
    9886018,
    9886019,
    9886033,
    9886263,
    9886264,
    9886265,
    9886266,
    9886268,
    9886269,
    9886279,
    9886426,
    9886427,
    9886428,
    9886429,
    9886722,
    9886723,
    9886724,
    9886725,
    9886727,
    9886728,
    9886891,
    9886892,
    9886893,
    9886894,
    9886895,
    9887040,
    9887041,
    9887042,
    9887043,
    9887045,
    9887174,
    9887175,
    9887176,
    9887177,
    9887552,
    9887553,
    9887667,
    9887668,
    9887669,
    9887670,
    9887671,
    9887673
  ]
}