{
 "snapshot": "PIG_817 (z=0)",
 "sources": {
  "mags": "/hildafs/datasets/Asterix/photometric/PIG_817_photometric/SubGroups",
  "mass": "/hildafs/datasets/Asterix/PIG2/PIG_817_subfind/SubGroups/SubhaloMassType"
 },
 "h": 0.6774,
 "volumeMpc3": 50267171.57334483,
 "binWidthMag": 0.25,
 "binCenters": [
  -23.875,
  -23.625,
  -23.375,
  -23.125,
  -22.875,
  -22.625,
  -22.375,
  -22.125,
  -21.875,
  -21.625,
  -21.375,
  -21.125,
  -20.875,
  -20.625,
  -20.375,
  -20.125,
  -19.875,
  -19.625,
  -19.375,
  -19.125,
  -18.875,
  -18.625,
  -18.375,
  -18.125,
  -17.875,
  -17.625,
  -17.375,
  -17.125,
  -16.875,
  -16.625,
  -16.375,
  -16.125,
  -15.875,
  -15.625,
  -15.375,
  -15.125,
  -14.875,
  -14.625,
  -14.375,
  -14.125
 ],
 "phiUnits": "Mpc^-3 mag^-1 (comoving)",
 "magConvention": "absolute (product stores negative values at z=0)",
 "qc": {
  "sdss_g": {
   "nonFinite": 28160471,
   "zeroExactly": 0,
   "nonNegative": 0,
   "minMag": -26.621566772460938
  },
  "des_g": {
   "nonFinite": 28160471,
   "zeroExactly": 0,
   "nonNegative": 0,
   "minMag": -26.647777557373047
  }
 },
 "curves": {
  "sdss_g_all": {
   "counts": [
    128,
    278,
    547,
    1074,
    1850,
    2912,
    4161,
    5715,
    7423,
    9645,
    12471,
    16805,
    22422,
    29789,
    37873,
    45947,
    52895,
    57668,
    62492,
    65973,
    69807,
    75833,
    81352,
    86847,
    93352,
    98741,
    105191,
    111372,
    116751,
    122708,
    128313,
    133111,
    137250,
    140985,
    144926,
    146301,
    149627,
    154025,
    158407,
    162977
   ],
   "phi": [
    1.018557408293683e-05,
    2.212179371137843e-05,
    4.3527414245050356e-05,
    8.546333253964184e-05,
    0.00014721337541744636,
    0.00023172181038681288,
    0.0003311107324929699,
    0.00045476996784362485,
    0.0005906837220128132,
    0.0007674989221087947,
    0.0009923772999086344,
    0.0013372544723730736,
    0.00178422611005945,
    0.0023704536434109784,
    0.0030137363065864575,
    0.003656223221786707,
    0.004209108914976122,
    0.004588919423553134,
    0.004972788246803815,
    0.0052497881169811834,
    0.00555487789068415,
    0.006034395620557411,
    0.006473568928086539,
    0.006910832440475116,
    0.007428466498361866,
    0.007857295082213011,
    0.008370552526236,
    0.008862404349725317,
    0.009290437185601233,
    0.00976446425444541,
    0.01021048099456151,
    0.010592280873076596,
    0.010921640960024062,
    0.011218852828772257,
    0.01153245710581018,
    0.011641872452404228,
    0.011906538228965539,
    0.012256508188471446,
    0.012605204951216987,
    0.012968861775896841
   ]
  },
  "sdss_g_mstarGt1e8": {
   "counts": [
    128,
    278,
    547,
    1074,
    1850,
    2912,
    4161,
    5715,
    7423,
    9645,
    12471,
    16805,
    22422,
    29789,
    37873,
    45947,
    52895,
    57668,
    62492,
    65973,
    69806,
    75833,
    81345,
    86829,
    93305,
    98637,
    104903,
    110820,
    115721,
    120968,
    125352,
    127705,
    127505,
    123390,
    117883,
    106244,
    93466,
    81598,
    72139,
    64197
   ],
   "phi": [
    1.018557408293683e-05,
    2.212179371137843e-05,
    4.3527414245050356e-05,
    8.546333253964184e-05,
    0.00014721337541744636,
    0.00023172181038681288,
    0.0003311107324929699,
    0.00045476996784362485,
    0.0005906837220128132,
    0.0007674989221087947,
    0.0009923772999086344,
    0.0013372544723730736,
    0.00178422611005945,
    0.0023704536434109784,
    0.0030137363065864575,
    0.003656223221786707,
    0.004209108914976122,
    0.004588919423553134,
    0.004972788246803815,
    0.0052497881169811834,
    0.005554798315886627,
    0.006034395620557411,
    0.006473011904503878,
    0.006909400094119703,
    0.007424726482878288,
    0.007849019303270626,
    0.008347634984549393,
    0.008818479061492652,
    0.0092084751441526,
    0.009626004106755487,
    0.009974860019096074,
    0.01016209951766756,
    0.010146184558162972,
    0.009818734266356058,
    0.009380515856397206,
    0.00845434478802766,
    0.007437538025279482,
    0.0064931443282771825,
    0.005740446318507656,
    0.0051084632765804345
   ]
  },
  "des_g_all": {
   "counts": [
    143,
    304,
    584,
    1139,
    1940,
    3084,
    4272,
    5876,
    7599,
    9937,
    12738,
    17230,
    22943,
    30410,
    38619,
    46601,
    53367,
    58163,
    62741,
    66431,
    70192,
    76500,
    81719,
    87564,
    94000,
    99385,
    106111,
    112014,
    117561,
    123785,
    129156,
    133795,
    138372,
    141870,
    146070,
    147179,
    150983,
    154955,
    159614,
    164478
   ],
   "phi": [
    1.1379196045780989e-05,
    2.419073844697497e-05,
    4.647168175339928e-05,
    9.06356943786332e-05,
    0.00015437510719451132,
    0.00024540867556075926,
    0.0003399435350180167,
    0.00046758151024481884,
    0.0006046888863768513,
    0.0007907347629854943,
    0.0010136237708472603,
    0.0013710737613203247,
    0.0018256845795689037,
    0.0024198695926727263,
    0.0030730991055385737,
    0.0037082651393667123,
    0.004246668219406951,
    0.004628308948326991,
    0.004992602371387028,
    0.005286233374246691,
    0.005585514187730484,
    0.006087472010505215,
    0.006502772878777459,
    0.0069678875702990665,
    0.007480030967156734,
    0.007908541251817787,
    0.008443761339957109,
    0.008913491369735047,
    0.009354892771594818,
    0.00985016631137762,
    0.010277562548873354,
    0.01064671003458229,
    0.011010923882844805,
    0.011289276524580063,
    0.011623490674176427,
    0.011711739124629372,
    0.012014441654406651,
    0.012330512750167784,
    0.01270125173182718,
    0.01308830354697878
   ]
  },
  "des_g_mstarGt1e8": {
   "counts": [
    143,
    304,
    584,
    1139,
    1940,
    3084,
    4272,
    5876,
    7599,
    9937,
    12738,
    17230,
    22943,
    30410,
    38619,
    46601,
    53367,
    58163,
    62741,
    66431,
    70191,
    76500,
    81712,
    87546,
    93954,
    99284,
    105829,
    111474,
    116528,
    122026,
    126159,
    128302,
    128408,
    123955,
    118391,
    106076,
    93083,
    80697,
    71358,
    62991
   ],
   "phi": [
    1.1379196045780989e-05,
    2.419073844697497e-05,
    4.647168175339928e-05,
    9.06356943786332e-05,
    0.00015437510719451132,
    0.00024540867556075926,
    0.0003399435350180167,
    0.00046758151024481884,
    0.0006046888863768513,
    0.0007907347629854943,
    0.0010136237708472603,
    0.0013710737613203247,
    0.0018256845795689037,
    0.0024198695926727263,
    0.0030730991055385737,
    0.0037082651393667123,
    0.004246668219406951,
    0.004628308948326991,
    0.004992602371387028,
    0.005286233374246691,
    0.005585434612932961,
    0.006087472010505215,
    0.006502215855194798,
    0.006966455223943653,
    0.007476370526470679,
    0.00790050419726797,
    0.008421321247055639,
    0.008870520979072658,
    0.009272692005753615,
    0.009710194242534761,
    0.010039076880697089,
    0.010209605671788758,
    0.010218040600326191,
    0.009863694026956521,
    0.00942093985353886,
    0.008440976222043806,
    0.007407060877828195,
    0.006421447435709011,
    0.005678298401642237,
    0.005012496070767764
   ]
  }
 }
}