{
 "selection": "Mstar>1e9 Msun",
 "nSelected": 1013097,
 "nFinite": 1013096,
 "deltaConvention": "newSFa - oriSFa [mag]",
 "bands": {
  "u": {
   "n": 1013096,
   "median": 0.07073020935058594,
   "mean": 0.07636199734609478,
   "std": 0.0753638744468654,
   "p5": -0.022602081298828125,
   "p95": 0.20575380325317383,
   "fracAbsGt0p02": 0.7968010928875447,
   "fracAbsGt0p05": 0.6257343825264339,
   "fracAbsGt0p1": 0.3494496079344899
  },
  "g": {
   "n": 1013096,
   "median": 0.00811767578125,
   "mean": 0.013384002108667182,
   "std": 0.03256486779951317,
   "p5": -0.03226470947265625,
   "p95": 0.06966209411621094,
   "fracAbsGt0p02": 0.4764119096314663,
   "fracAbsGt0p05": 0.13246918357194185,
   "fracAbsGt0p1": 0.011963328253196143
  },
  "r": {
   "n": 1013096,
   "median": -0.002178192138671875,
   "mean": -0.0028246164837757264,
   "std": 0.018707630650593728,
   "p5": -0.029926300048828125,
   "p95": 0.027370452880859375,
   "fracAbsGt0p02": 0.24132757408972103,
   "fracAbsGt0p05": 0.011272376951443891,
   "fracAbsGt0p1": 0.00048465298451479425
  },
  "i": {
   "n": 1013096,
   "median": -0.0072460174560546875,
   "mean": -0.007690366545745964,
   "std": 0.014665367051736058,
   "p5": -0.029092788696289062,
   "p95": 0.014047622680664062,
   "fracAbsGt0p02": 0.19808784162606505,
   "fracAbsGt0p05": 0.004899831802711687,
   "fracAbsGt0p1": 0.00032079881867068865
  },
  "z": {
   "n": 1013096,
   "median": -0.012477874755859375,
   "mean": -0.012369143477784285,
   "std": 0.013000520202381802,
   "p5": -0.031238555908203125,
   "p95": 0.004871368408203125,
   "fracAbsGt0p02": 0.2725506763426171,
   "fracAbsGt0p05": 0.004909702535593863,
   "fracAbsGt0p1": 0.00028625125358307604
  }
 },
 "gMinusRShift": {
  "n": 1013096,
  "median": 0.01507568359375,
  "mean": 0.016208618592442908,
  "std": 0.015841372875620742,
  "p5": -0.005077362060546875,
  "p95": 0.04354667663574219,
  "fracAbsGt0p02": 0.3803795494207854,
  "fracAbsGt0p05": 0.025665879640231527,
  "fracAbsGt0p1": 0.0003069797926356436
 },
 "massBins": [
  {
   "logMstarLo": 9.0,
   "logMstarHi": 9.5,
   "n": 456692,
   "bands": {
    "u": {
     "median": 0.07871723175048828,
     "p95Abs": 0.231310749053955
    },
    "g": {
     "median": 0.01575469970703125,
     "p95Abs": 0.08318710327148438
    },
    "r": {
     "median": 0.0003509521484375,
     "p95Abs": 0.04059600830078125
    },
    "i": {
     "median": -0.00125885009765625,
     "p95Abs": 0.032073974609375
    },
    "z": {
     "median": -0.006244659423828125,
     "p95Abs": 0.03252983093261719
    }
   },
   "gMinusR": {
    "median": 0.01739501953125,
    "p95Abs": 0.04819955825805655
   }
  },
  {
   "logMstarLo": 9.5,
   "logMstarHi": 10.0,
   "n": 300969,
   "bands": {
    "u": {
     "median": 0.08477973937988281,
     "p95Abs": 0.1996261596679687
    },
    "g": {
     "median": 0.01446533203125,
     "p95Abs": 0.06429290771484375
    },
    "r": {
     "median": -0.0004444122314453125,
     "p95Abs": 0.0272979736328125
    },
    "i": {
     "median": -0.0064029693603515625,
     "p95Abs": 0.024400711059570312
    },
    "z": {
     "median": -0.01259613037109375,
     "p95Abs": 0.028089523315429688
    }
   },
   "gMinusR": {
    "median": 0.018218994140625,
    "p95Abs": 0.04288597106933589
   }
  },
  {
   "logMstarLo": 10.0,
   "logMstarHi": 10.5,
   "n": 178045,
   "bands": {
    "u": {
     "median": 0.06289100646972656,
     "p95Abs": 0.15904617309570312
    },
    "g": {
     "median": 0.0006389617919921875,
     "p95Abs": 0.040317535400390625
    },
    "r": {
     "median": -0.010852813720703125,
     "p95Abs": 0.026052093505859353
    },
    "i": {
     "median": -0.014463424682617188,
     "p95Abs": 0.025853729248046853
    },
    "z": {
     "median": -0.019001007080078125,
     "p95Abs": 0.029027938842773438
    }
   },
   "gMinusR": {
    "median": 0.012372970581054688,
    "p95Abs": 0.03347358703613279
   }
  },
  {
   "logMstarLo": 10.5,
   "logMstarHi": 11.0,
   "n": 56626,
   "bands": {
    "u": {
     "median": 0.012683868408203125,
     "p95Abs": 0.0904092788696289
    },
    "g": {
     "median": -0.021942138671875,
     "p95Abs": 0.0454864501953125
    },
    "r": {
     "median": -0.023969650268554688,
     "p95Abs": 0.03726053237915039
    },
    "i": {
     "median": -0.02347564697265625,
     "p95Abs": 0.03380584716796875
    },
    "z": {
     "median": -0.025241851806640625,
     "p95Abs": 0.0344843864440918
    }
   },
   "gMinusR": {
    "median": 0.0009250640869140625,
    "p95Abs": 0.017034053802490234
   }
  },
  {
   "logMstarLo": 11.0,
   "logMstarHi": 11.5,
   "n": 17280,
   "bands": {
    "u": {
     "median": -0.02219390869140625,
     "p95Abs": 0.057976531982421864
    },
    "g": {
     "median": -0.03598499298095703,
     "p95Abs": 0.055604887008666976
    },
    "r": {
     "median": -0.029785633087158203,
     "p95Abs": 0.04349064826965332
    },
    "i": {
     "median": -0.02655029296875,
     "p95Abs": 0.03836069107055664
    },
    "z": {
     "median": -0.02611684799194336,
     "p95Abs": 0.037133216857910156
    }
   },
   "gMinusR": {
    "median": -0.006384849548339844,
    "p95Abs": 0.014024925231933591
   }
  },
  {
   "logMstarLo": 11.5,
   "logMstarHi": 12.0,
   "n": 3161,
   "bands": {
    "u": {
     "median": -0.023889541625976562,
     "p95Abs": 0.059940338134765625
    },
    "g": {
     "median": -0.014743804931640625,
     "p95Abs": 0.05583381652832031
    },
    "r": {
     "median": -0.007815361022949219,
     "p95Abs": 0.041973114013671875
    },
    "i": {
     "median": -0.005893707275390625,
     "p95Abs": 0.036612510681152344
    },
    "z": {
     "median": -0.00518035888671875,
     "p95Abs": 0.03453254699707031
    }
   },
   "gMinusR": {
    "median": -0.0064220428466796875,
    "p95Abs": 0.014923095703125
   }
  },
  {
   "logMstarLo": 12.0,
   "logMstarHi": 12.5,
   "n": 306,
   "bands": {
    "u": {
     "median": -0.04703378677368164,
     "p95Abs": 0.07519960403442383
    },
    "g": {
     "median": -0.027225017547607422,
     "p95Abs": 0.04921841621398926
    },
    "r": {
     "median": -0.015436649322509766,
     "p95Abs": 0.031289100646972656
    },
    "i": {
     "median": -0.01166534423828125,
     "p95Abs": 0.025098800659179688
    },
    "z": {
     "median": -0.010143280029296875,
     "p95Abs": 0.02211451530456543
    }
   },
   "gMinusR": {
    "median": -0.012061595916748047,
    "p95Abs": 0.018805980682373047
   }
  }
 ]
}