{
  "delta": {
    "E_full_euclid": {
      "metric": "euclidean",
      "diameter_random_pair_estimate": 108.6639633178711,
      "mean": 0.016956282779574394,
      "median": 0.01355830393731594,
      "p95": 0.04433422833681105
    },
    "E_full_cosine": {
      "metric": "cosine",
      "diameter_random_pair_estimate": 1.6845331192016602,
      "mean": 0.050402384251356125,
      "median": 0.04099055752158165,
      "p95": 0.12928022295236574
    },
    "E_img_euclid": {
      "metric": "euclidean",
      "diameter_random_pair_estimate": 112.01934814453125,
      "mean": 0.017141694203019142,
      "median": 0.013817818835377693,
      "p95": 0.04449654743075371
    },
    "gaussian_anchor": {
      "metric": "euclidean",
      "diameter_random_pair_estimate": 115.51744842529297,
      "mean": 0.021441280841827393,
      "median": 0.017744099721312523,
      "p95": 0.05407828018069264
    },
    "tree_validation": {
      "metric": "exact_binary_tree_path",
      "diameter_exact": 30.0,
      "mean": 0.0,
      "median": 0.0,
      "p95": 0.0
    }
  },
  "forman": {
    "E_full": {
      "frac_negative": 0.9971298214999819,
      "mean": -32.66254771512706,
      "p5": -57.0,
      "p50": -31.0,
      "p95": -14.0
    }
  },
  "ollivier": {
    "E_full": {
      "frac_negative": 0.0424,
      "mean": 0.15460967519073793,
      "p5": 0.006219020469076736,
      "p95": 0.3190365900487603
    },
    "euclidean_k_sensitivity": {
      "8": {
        "frac_negative": 0.05,
        "mean": 0.1594976980745076,
        "p5": 3.1733726628026455e-05,
        "p95": 0.3387780270076897
      },
      "10": {
        "frac_negative": 0.0424,
        "mean": 0.15460967519073793,
        "p5": 0.006219020469076736,
        "p95": 0.3190365900487603
      },
      "15": {
        "frac_negative": 0.028433333333333335,
        "mean": 0.15462458618315444,
        "p5": 0.018662545326189495,
        "p95": 0.30235780946132423
      }
    },
    "fermat_p2_k10": {
      "frac_negative": 0.4181,
      "mean": 0.02256691643455417,
      "p5": -0.25674821513690227,
      "p95": 0.26607541374280597
    },
    "note": "one fixed 2k sample; k sensitivity and Fermat metric check, not a population bootstrap"
  }
}