{
  "delta": {
    "E_full_euclid": {
      "mean": 0.016956284642219543,
      "median": 0.01355830393731594,
      "p95": 0.04433419555425644
    },
    "E_full_cosine": {
      "mean": 0.03319934755563736,
      "median": 0.027289418503642082,
      "p95": 0.0842466875910759
    },
    "E_img_euclid": {
      "mean": 0.017141694203019142,
      "median": 0.01381780207157135,
      "p95": 0.04449651390314102
    },
    "gaussian_anchor": {
      "mean": 0.021441275253891945,
      "median": 0.017744099721312523,
      "p95": 0.05407828092575073
    },
    "tree_validation": {
      "mean": 0.009426318109035492,
      "median": 0.007891855202615261,
      "p95": 0.023399481549859047
    }
  },
  "forman": {
    "E_full": {
      "frac_negative": 0.9970313968791126,
      "mean": -32.46102086858432,
      "p5": -57.0,
      "p50": -31.0,
      "p95": -14.0
    }
  },
  "ollivier": {
    "E_full": {
      "frac_negative": 0.0424,
      "mean": 0.15460967519073793,
      "p5": 0.0062190204690767414,
      "p95": 0.3190365900487603
    }
  }
}