{
  "E_full": {
    "primary_k": 64,
    "local_scale_neighbor": 7,
    "n_components": 1,
    "eigenvalues": [
      1.0000000000000029,
      0.9988743907980668,
      0.9771861538021048,
      0.9606752612656565,
      0.9598244658334352,
      0.9491485000208969,
      0.9333337991618542,
      0.9180817591908773,
      0.9157321813358731,
      0.9152716355412204,
      0.9033174051460512,
      0.9020645786202588,
      0.9001630864224847,
      0.8915408200297961,
      0.8846064763977859,
      0.877595636323399,
      0.8756540512076415,
      0.8724880400580088,
      0.863979312099346,
      0.8625350812002175,
      0.8595103157494101,
      0.8593065820003473,
      0.8531675360095752,
      0.8444163799700939,
      0.8434169883877956,
      0.8417058607748806,
      0.8386211317984501,
      0.8346493171666213,
      0.8256316124829867,
      0.8212642083320038
    ],
    "gaps": [
      0.0011256092019360509,
      0.021688236995962007,
      0.01651089253644833,
      0.0008507954322213296,
      0.010675965812538268,
      0.015814700859042685,
      0.015252039970976905,
      0.0023495778550042257,
      0.0004605457946527114,
      0.011954230395169185,
      0.0012528265257923943,
      0.001901492197774135,
      0.008622266392688593,
      0.006934343632010176,
      0.007010840074386904,
      0.0019415851157574826,
      0.0031660111496326637,
      0.008508727958662865,
      0.0014442308991284847,
      0.0030247654508074318,
      0.0002037337490627955,
      0.006139045990772085,
      0.00875115603948129,
      0.0009993915822983368,
      0.00171112761291492,
      0.0030847289764305286,
      0.0039718146318288294,
      0.009017704683634609,
      0.004367404150982912
    ],
    "harmonic_r2": [
      0.9030955645765527,
      0.9401816679743429,
      0.34116236935400124,
      0.44457487704775633,
      0.7602200123374192,
      0.2777031654874851,
      0.11998467154587156,
      0.193784810932643,
      0.08228312068039245
    ],
    "k_sensitivity": {
      "32": {
        "n_components": 1,
        "eigenvalues": [
          1.0000000000000029,
          0.9991487231447881,
          0.981070806893364,
          0.9676148678076003,
          0.9672709015708321,
          0.9588239557300883,
          0.9449624207021076,
          0.9336670841423382,
          0.9331946947257872,
          0.932028423210329,
          0.9218758175919841,
          0.920131880514096
        ],
        "largest_nontrivial_gap_index_1based": 1,
        "largest_nontrivial_gap": 0.018077916251424075
      },
      "48": {
        "n_components": 1,
        "eigenvalues": [
          1.0000000000000029,
          0.9989914643262982,
          0.9787822213204004,
          0.9637290642666816,
          0.9631960204530282,
          0.9532930938374748,
          0.9384306599960783,
          0.9247371206520719,
          0.9235037710259321,
          0.9228530667993962,
          0.9110039291483814,
          0.9105510156517364
        ],
        "largest_nontrivial_gap_index_1based": 1,
        "largest_nontrivial_gap": 0.02020924300589777
      },
      "64": {
        "n_components": 1,
        "eigenvalues": [
          1.0000000000000029,
          0.9988743907980668,
          0.9771861538021048,
          0.9606752612656565,
          0.9598244658334352,
          0.9491485000208969,
          0.9333337991618542,
          0.9180817591908773,
          0.9157321813358731,
          0.9152716355412204,
          0.9033174051460512,
          0.9020645786202588
        ],
        "largest_nontrivial_gap_index_1based": 1,
        "largest_nontrivial_gap": 0.021688236995962007
      },
      "96": {
        "n_components": 1,
        "eigenvalues": [
          0.9999999999999931,
          0.9987038965392592,
          0.9750958307099736,
          0.9561640408562531,
          0.954914823438411,
          0.9428325407780371,
          0.9255317485657233,
          0.9080496112991447,
          0.9043701300796579,
          0.9037048411568648,
          0.8918302912164131,
          0.8886675254367286
        ],
        "largest_nontrivial_gap_index_1based": 1,
        "largest_nontrivial_gap": 0.02360806582928554
      }
    },
    "coordinate_note": "right diffusion eigenvectors from the alpha=1 self-tuned operator; no extra per-coordinate Euclidean renormalization"
  },
  "E_img": {
    "primary_k": 64,
    "local_scale_neighbor": 7,
    "n_components": 1,
    "eigenvalues": [
      0.9999999999999991,
      0.9987462560295768,
      0.9781812625608033,
      0.9586735050393166,
      0.9561820529439924,
      0.953535427790706,
      0.9259776437398605,
      0.9221055831629611,
      0.9208305330481219,
      0.914864374576741,
      0.9020699370852946,
      0.8989331074669147,
      0.8971662168255353,
      0.8866409550134259,
      0.8795419391146023,
      0.8787672554363175,
      0.8734137060230749,
      0.8705849661985618,
      0.8663955809518356,
      0.8631918723821504,
      0.8565013025328868,
      0.850695322609204,
      0.8493429930174632,
      0.8468296323710492,
      0.8454459584285716,
      0.8431887001336053,
      0.8343168877133088,
      0.8336735674539957,
      0.830528852878927,
      0.8247936641796186
    ],
    "gaps": [
      0.0012537439704223274,
      0.020564993468773496,
      0.0195077575214867,
      0.002491452095324198,
      0.002646625153286397,
      0.027557784050845524,
      0.003872060576899372,
      0.0012750501148391935,
      0.0059661584713809335,
      0.012794437491446375,
      0.0031368296183799105,
      0.0017668906413793595,
      0.010525261812109443,
      0.0070990158988235574,
      0.0007746836782848154,
      0.00535354941324262,
      0.002828739824513038,
      0.004189385246726296,
      0.003203708569685104,
      0.006690569849263639,
      0.005805979923682814,
      0.0013523295917408085,
      0.0025133606464139424,
      0.0013836739424776257,
      0.002257258294966369,
      0.008871812420296443,
      0.0006433202593131293,
      0.0031447145750687078,
      0.005735188699308336
    ],
    "harmonic_r2": [
      0.05511812985560194,
      0.9821755636919318,
      0.5698984539567549,
      0.24570374292433683,
      0.4792853501286758,
      0.47825939730303146,
      0.14498863545717133,
      0.0856552690068233,
      0.2500541609715746
    ],
    "k_sensitivity": {
      "32": {
        "n_components": 1,
        "eigenvalues": [
          0.9999999999999994,
          0.9990197428907575,
          0.9815376385060613,
          0.9660355053854198,
          0.9637917363998111,
          0.961883590244548,
          0.9402088834390373,
          0.935937027668694,
          0.9357891000528615,
          0.9313214752212109,
          0.9206255068066458,
          0.9170890078792248
        ],
        "largest_nontrivial_gap_index_1based": 5,
        "largest_nontrivial_gap": 0.021674706805510646
      },
      "48": {
        "n_components": 1,
        "eigenvalues": [
          0.9999999999999996,
          0.9988576192110646,
          0.9796058327812404,
          0.9619137198593591,
          0.9593625038547146,
          0.9574627385414323,
          0.9324568725465642,
          0.9280096400515964,
          0.92772435019289,
          0.9220185992906081,
          0.9099880569484353,
          0.906911541517897
        ],
        "largest_nontrivial_gap_index_1based": 5,
        "largest_nontrivial_gap": 0.025005865994868093
      },
      "64": {
        "n_components": 1,
        "eigenvalues": [
          0.9999999999999991,
          0.9987462560295768,
          0.9781812625608033,
          0.9586735050393166,
          0.9561820529439924,
          0.953535427790706,
          0.9259776437398605,
          0.9221055831629611,
          0.9208305330481219,
          0.914864374576741,
          0.9020699370852946,
          0.8989331074669147
        ],
        "largest_nontrivial_gap_index_1based": 5,