{
  "E_full": {
    "n_components": 1,
    "eigenvalues": [
      0.9999999999999974,
      0.998874390437311,
      0.977186152707616,
      0.9606752358211176,
      0.9598244566041736,
      0.9491484988947969,
      0.9333337992093917,
      0.9180816607504483,
      0.9157321774356761,
      0.9152716440207822,
      0.9033175045297629,
      0.9020646152882706,
      0.9001630857657743,
      0.891540680870773,
      0.8846064777968337,
      0.8775956451035365,
      0.8756542072277592,
      0.8724878658883927,
      0.8639793111131112,
      0.8625351449518018,
      0.8595103800317504,
      0.8593066192356278,
      0.8531675347515839,
      0.8444163908838536,
      0.8434170245700995,
      0.8417058554161008,
      0.8386211298192551,
      0.8346493179301506,
      0.8256315948906499,
      0.8212642095559057
    ],
    "gaps": [
      0.0011256095626864804,
      0.02168823772969497,
      0.016510916886498417,
      0.0008507792169439865,
      0.010675957709376682,
      0.015814699685405165,
      0.015252138458943465,
      0.0023494833147721383,
      0.00046053341489393773,
      0.011954139491019311,
      0.00125288924149225,
      0.0019015295224963369,
      0.008622404895001323,
      0.006934203073939327,
      0.007010832693297164,
      0.0019414378757772743,
      0.003166341339366552,
      0.008508554775281452,
      0.0014441661613093792,
      0.003024764920051437,
      0.00020376079612260956,
      0.006139084484043877,
      0.008751143867730349,
      0.0009993663137540798,
      0.001711169153998715,
      0.0030847255968456944,
      0.0039718118891044485,
      0.009017723039500769,
      0.004367385334744123
    ],
    "harmonic_r2": [
      0.9030965088172881,
      0.9401812895582302,
      0.3411492252852293,
      0.44457857098793285,
      0.7602281939933163,
      0.27768971512730656,
      0.11998559287187127,
      0.19377320930831687,
      0.0822858704980246
    ]
  },
  "E_img": {
    "n_components": 1,
    "eigenvalues": [
      0.9999999999999971,
      0.9987462560134868,
      0.9781812628823767,
      0.9586735045466818,
      0.9561820529881365,
      0.9535354261732287,
      0.9259776420023461,
      0.9221055829636228,
      0.9208305311396581,
      0.9148643733006817,
      0.9020699375401753,
      0.8989331071932678,
      0.8971662150288869,
      0.88664095509118,
      0.8795419386893684,
      0.8787672549569482,
      0.8734137062048275,
      0.8705849654298622,
      0.8663955813801809,
      0.8631918725588489,
      0.8565013019061195,
      0.8506953216457611,
      0.8493429920287029,
      0.8468296323604194,
      0.8454459586795615,
      0.8431886998224913,
      0.834316887238154,
      0.8336735650277682,
      0.8305288493315591,
      0.8247936642311405
    ],
    "gaps": [
      0.0012537439865103472,
      0.020564993131110043,
      0.019507758335694958,
      0.0024914515585452435,
      0.002646626814907793,
      0.027557784170882615,
      0.003872059038723341,
      0.0012750518239647013,
      0.00596615783897636,
      0.012794435760506429,
      0.003136830346907482,
      0.0017668921643808622,
      0.010525259937706921,
      0.007099016401811653,
      0.0007746837324201783,
      0.005353548752120685,
      0.0028287407749653104,
      0.004189384049681277,
      0.0032037088213320297,
      0.006690570652729377,
      0.00580598026035839,
      0.0013523296170582233,
      0.002513359668283477,
      0.0013836736808578998,
      0.002257258857070177,
      0.008871812584337335,
      0.0006433222103857661,
      0.0031447156962091105,
      0.005735185100418594
    ],
    "harmonic_r2": [
      0.05511812540355954,
      0.9821755600733946,
      0.5698982914296251,
      0.24570370315775603,
      0.4792853947569604,
      0.47825939382612637,
      0.14498861193919266,
      0.08565528465368455,
      0.25005420779923115
    ]
  }
}