{
  "nSouth": 35916,
  "nMatched": 31798,
  "nSimTarget": 50000,
  "scale": 1.5724259387382855,
  "zEdges": [
    0.075,
    0.125,
    0.175,
    0.225,
    0.275,
    0.325,
    0.375,
    0.425,
    0.475,
    0.525
  ],
  "mEdges": [
    9.3,
    9.4,
    9.5,
    9.6,
    9.7,
    9.8,
    9.9,
    10.0,
    10.1,
    10.2,
    10.3,
    10.4,
    10.5,
    10.6,
    10.7,
    10.8,
    10.9,
    11.0,
    11.1,
    11.2,
    11.3,
    11.4,
    11.5,
    11.6,
    11.7,
    11.8
  ],
  "perZbin": {
    "0.075": {
      "snap": "771",
      "nReal": 6793,
      "nSimTarget": 10681,
      "logM_q": {
        "5": 9.20342991258208,
        "25": 9.543342272208243,
        "50": 9.863138615776155,
        "75": 10.19023979930645,
        "95": 10.610387736957547
      }
    },
    "0.125": {
      "snap": "771",
      "nReal": 7476,
      "nSimTarget": 11755,
      "logM_q": {
        "5": 9.650744034933211,
        "25": 9.954643518447993,
        "50": 10.193559608321838,
        "75": 10.429509186740285,
        "95": 10.77938976871532
      }
    },
    "0.175": {
      "snap": "743",
      "nReal": 7490,
      "nSimTarget": 11777,
      "logM_q": {
        "5": 10.014486538181623,
        "25": 10.2789880067705,
        "50": 10.47316423961187,
        "75": 10.668782367436098,
        "95": 10.950863043678465
      }
    },
    "0.225": {
      "snap": "743",
      "nReal": 6245,
      "nSimTarget": 9820,
      "logM_q": {
        "5": 10.306609568122951,
        "25": 10.504034097565974,
        "50": 10.689029988571797,
        "75": 10.870165582338394,
        "95": 11.147753462113306
      }
    },
    "0.275": {
      "snap": "743r",
      "nReal": 2492,
      "nSimTarget": 3918,
      "logM_q": {
        "5": 10.54289680115487,
        "25": 10.783485189832831,
        "50": 10.970850099911985,
        "75": 11.10946263887504,
        "95": 11.339104855390499
      }
    },
    "0.325": {
      "snap": "743r",
      "nReal": 843,
      "nSimTarget": 1326,
      "logM_q": {
        "5": 10.82437060868716,
        "25": 11.074802205517713,
        "50": 11.216960571162248,
        "75": 11.330514010864427,
        "95": 11.524278458430702
      }
    },
    "0.375": {
      "snap": "692",
      "nReal": 343,
      "nSimTarget": 539,
      "logM_q": {
        "5": 11.033713616268944,
        "25": 11.293976300915416,
        "50": 11.376522404328053,
        "75": 11.455538476877623,
        "95": 11.630355212842504
      }
    },
    "0.425": {
      "snap": "692",
      "nReal": 99,
      "nSimTarget": 156,
      "logM_q": {
        "5": 11.0451352683044,
        "25": 11.217628822844576,
        "50": 11.296600561337787,
        "75": 11.377850755584792,
        "95": 11.486252709631012
      }
    },
    "0.475": {
      "snap": "692",
      "nReal": 17,
      "nSimTarget": 27,
      "logM_q": {
        "5": 10.989364416495533,
        "25": 11.047183157223802,
        "50": 11.165310488666565,
        "75": 11.199849527382366,
        "95": 11.381616984944097
      }
    }
  },
  "snapCounts": {
    "771": 14269,
    "743": 13735,
    "743r": 3335,
    "692": 459,
    "660": 0
  },
  "massScale": "colour-mass (elpetro/NSA Chabrier); rank matching is convention-free; absolute-variant binning needs h=0.6774 alignment at draw time",
  "redshift": "observed-z = anchor redshift (mostly photo-z)"
}