{
  "E_full": {
    "euclidean": {
      "rdr": 14.692273485643263,
      "nn_over_mean": 0.4002043905441368,
      "distance_cv": 0.2967827983185278,
      "p95_over_p5": 3.1732942089746783,
      "neighbor_order": 1,
      "inf": 0
    },
    "cosine": {
      "rdr": 76.8003323649884,
      "nn_over_mean": 0.16612531736310465,
      "distance_cv": 0.35307488770052625,
      "p95_over_p5": 4.071702454821124,
      "neighbor_order": 1,
      "inf": 0
    },
    "isomap": {
      "rdr": 42.12356998610476,
      "nn_over_mean": 0.16586672501481295,
      "distance_cv": 0.42074262670045953,
      "p95_over_p5": 5.043189078348876,
      "neighbor_order": 1,
      "inf": 0
    },
    "fermat_p2": {
      "rdr": 281.0417389511027,
      "nn_over_mean": 0.14017652214406415,
      "distance_cv": 0.5149340248301789,
      "p95_over_p5": 9.772172897705001,
      "neighbor_order": 1,
      "inf": 0
    },
    "diffusion": {
      "rdr": 95.00847763689835,
      "nn_over_mean": 0.2225063959678717,
      "distance_cv": 0.2643880649498777,
      "p95_over_p5": 2.3500793434623035,
      "neighbor_order": 1,
      "inf": 0
    }
  },
  "E_img": {
    "euclidean": {
      "rdr": 14.159304230439567,
      "nn_over_mean": 0.3981622602997526,
      "distance_cv": 0.2992910751114219,
      "p95_over_p5": 3.0841917514370287,
      "neighbor_order": 1,
      "inf": 0
    },
    "cosine": {
      "rdr": 79.36226556998173,
      "nn_over_mean": 0.16649764799982852,
      "distance_cv": 0.3331707254086657,
      "p95_over_p5": 3.7239494363749457,
      "neighbor_order": 1,
      "inf": 0
    },
    "isomap": {
      "rdr": 44.46153412610545,
      "nn_over_mean": 0.1644793499684304,
      "distance_cv": 0.43074346057799673,
      "p95_over_p5": 5.000216862661967,
      "neighbor_order": 1,
      "inf": 0
    },
    "fermat_p2": {
      "rdr": 259.1431741743126,
      "nn_over_mean": 0.14097199283352135,
      "distance_cv": 0.5254839610705625,
      "p95_over_p5": 9.099263431816956,
      "neighbor_order": 1,
      "inf": 0
    },
    "diffusion": {
      "rdr": 99.15981026173166,
      "nn_over_mean": 0.22419041312627677,
      "distance_cv": 0.28514477986203113,
      "p95_over_p5": 2.318508342835795,
      "neighbor_order": 1,
      "inf": 0
    }
  }
}