{
  "E_full": {
    "euclidean": {
      "rdr": 14.692273485643263,
      "nn_over_mean": 0.43298769173005314,
      "inf": 0
    },
    "cosine": {
      "rdr": 76.80033236498801,
      "nn_over_mean": 0.1925003518951117,
      "inf": 0
    },
    "isomap": {
      "rdr": 42.123569986104826,
      "nn_over_mean": 0.1794539292818347,
      "inf": 0
    },
    "fermat_p2": {
      "rdr": 281.04173895110335,
      "nn_over_mean": 0.1637569364330737,
      "inf": 0
    },
    "diffusion": {
      "rdr": 95.00847763689914,
      "nn_over_mean": 0.2686801428926463,
      "inf": 0
    }
  },
  "E_img": {
    "euclidean": {
      "rdr": 14.159304230439567,
      "nn_over_mean": 0.43019091922297154,
      "inf": 0
    },
    "cosine": {
      "rdr": 79.36226556998173,
      "nn_over_mean": 0.19278028389398247,
      "inf": 0
    },
    "isomap": {
      "rdr": 44.46153412610568,
      "nn_over_mean": 0.17771026993579653,
      "inf": 0
    },
    "fermat_p2": {
      "rdr": 259.1431741743153,
      "nn_over_mean": 0.16420957031618755,
      "inf": 0
    },
    "diffusion": {
      "rdr": 99.15981026172545,
      "nn_over_mean": 0.26706050725408065,
      "inf": 0
    }
  }
}