{
  "euclidean": {
    "max_persistence": 0.10484504699707031,
    "per_rep_max": [
      0.0675705075263977,
      0.06247374415397644,
      0.06281471252441406,
      0.06474682688713074,
      0.07161116600036621,
      0.07265850901603699,
      0.05910637974739075,
      0.10484504699707031,
      0.08789432048797607,
      0.0682697594165802
    ],
    "sig_loops_mean": 0.1,
    "sig_loops_range": [
      0,
      1
    ],
    "mean_bars": 2174.8,
    "worst_rep": 7,
    "n_bars_worst": 2208,
    "bootstrap_cn": 0.05470012277364731,
    "band_persistence": 0.10940024554729462,
    "bottleneck_to_empty": 0.052422523498535156,
    "threshold": 0.1
  },
  "fermat": {
    "max_persistence": 0.1376045048236847,
    "per_rep_max": [
      0.1376045048236847,
      0.12851250171661377,
      0.09763205051422119,
      0.06287702172994614,
      0.07246249914169312,
      0.07911604642868042,
      0.09114059805870056,
      0.06506514549255371,
      0.09086181223392487,
      0.08381162583827972
    ],
    "sig_loops_mean": 0.2,
    "sig_loops_range": [
      0,
      1
    ],
    "mean_bars": 2516.5,
    "worst_rep": 0,
    "n_bars_worst": 2556,
    "bootstrap_cn": 0.09860247820615768,
    "band_persistence": 0.19720495641231536,
    "bottleneck_to_empty": 0.06880225241184235,
    "threshold": 0.1
  },
  "diffusion": {
    "max_persistence": 0.08114156126976013,
    "per_rep_max": [
      0.05544926971197128,
      0.033724792301654816,
      0.06325006484985352,
      0.025802887976169586,
      0.03729889541864395,
      0.02212906815111637,
      0.02972685545682907,
      0.04270480200648308,
      0.08114156126976013,
      0.025793742388486862
    ],
    "sig_loops_mean": 0.0,
    "sig_loops_range": [
      0,
      0
    ],
    "mean_bars": 1094.1,
    "worst_rep": 8,
    "n_bars_worst": 1099,
    "bootstrap_cn": 0.040570780634880066,
    "band_persistence": 0.08114156126976013,
    "bottleneck_to_empty": 0.040570780634880066,
    "threshold": 0.1
  }
}