{
  "euclidean": {
    "max_persistence": 0.10484504699707031,
    "per_rep_max": [
      0.0675705075263977,
      0.06247374415397644,
      0.06281471252441406,
      0.06474682688713074,
      0.07161116600036621,
      0.07265850901603699,
      0.05910637974739075,
      0.10484504699707031,
      0.08789432048797607,
      0.0682697594165802
    ],
    "sig_loops_mean": 0.1,
    "sig_loops_range": [
      0,
      1
    ],
    "mean_bars": 2174.8,
    "worst_rep": 7,
    "n_bars_worst": 2208,
    "subsamples_with_any_over_0p1": 1,
    "bottleneck_to_empty": 0.052422523498535156,
    "threshold": 0.1,
    "verdict": "descriptive H1 candidates present"
  },
  "fermat": {
    "max_persistence": 0.1833493858575821,
    "per_rep_max": [
      0.07368181645870209,
      0.12498588860034943,
      0.05443570017814636,
      0.0798301100730896,
      0.1833493858575821,
      0.0642911046743393,
      0.10086134076118469,
      0.1064138114452362,
      0.05913449078798294,
      0.1023014634847641
    ],
    "sig_loops_mean": 0.6,
    "sig_loops_range": [
      0,
      2
    ],
    "mean_bars": 2530.9,
    "worst_rep": 4,
    "n_bars_worst": 2523,
    "subsamples_with_any_over_0p1": 5,
    "bottleneck_to_empty": 0.09167469292879105,
    "threshold": 0.1,
    "verdict": "descriptive H1 candidates present"
  },
  "diffusion": {
    "max_persistence": 0.19656306505203247,
    "per_rep_max": [
      0.10142873227596283,
      0.12542887032032013,
      0.1578853577375412,
      0.11403070390224457,
      0.11579054594039917,
      0.10257944464683533,
      0.11297839879989624,
      0.10777834057807922,
      0.15227316319942474,
      0.19656306505203247
    ],
    "sig_loops_mean": 3.1,
    "sig_loops_range": [
      1,
      7
    ],
    "mean_bars": 1134.2,
    "worst_rep": 9,
    "n_bars_worst": 1070,
    "subsamples_with_any_over_0p1": 10,
    "bottleneck_to_empty": 0.09828153252601624,
    "threshold": 0.1,
    "verdict": "descriptive H1 candidates present"
  },
  "_design": {
    "paired_subsamples_across_metrics": true,
    "seed": 0,
    "n_rep": 10,
    "n_sub": 2000,
    "diffusion": "alpha=1 self-tuned, matching diffusionMap.py",
    "inference": "no formal confidence band is claimed; the previous B=20 truncated bootstrap was removed as uncalibrated"
  }
}