{
  "E_img": {
    "redshift": {
      "r2": 0.7999625692796853,
      "ci": [
        0.7918119347011421,
        0.8086643416305201
      ],
      "alpha": 0.1,
      "n": 48398
    },
    "g_r": {
      "r2": 0.9584165029227734,
      "ci": [
        0.9565029529854655,
        0.9602357309311629
      ],
      "alpha": 0.01,
      "n": 48396
    },
    "r_z": {
      "r2": 0.9111513495445251,
      "ci": [
        0.9030651304870844,
        0.9183280561119318
      ],
      "alpha": 0.01,
      "n": 48397
    },
    "smooth": {
      "r2": 0.7920857518911362,
      "ci": [
        0.7817144509404897,
        0.8022103030234575
      ],
      "alpha": 0.01,
      "n": 48398
    },
    "featured": {
      "r2": 0.7939072847366333,
      "ci": [
        0.7828016944229603,
        0.8042627938091755
      ],
      "alpha": 0.01,
      "n": 48398
    },
    "merger": {
      "r2": 0.6809862554073334,
      "ci": [
        0.6583617150783538,
        0.7020987071096897
      ],
      "alpha": 0.01,
      "n": 48398
    },
    "spiral": {
      "r2": 0.2516874670982361,
      "ci": [
        0.15290196537971495,
        0.3340006992220878
      ],
      "alpha": 100.0,
      "n": 3034
    },
    "bar": {
      "r2": 0.5536463558673859,
      "ci": [
        0.47563598304986954,
        0.6248246356844902
      ],
      "alpha": 100.0,
      "n": 3034
    }
  },
  "modality": {
    "redshift": {
      "E_img": 0.7999625692796853,
      "E_full": 0.9761121770395252
    },
    "g_r": {
      "E_img": 0.9584165029227734,
      "E_full": 0.9886015569791198
    },
    "r_z": {
      "E_img": 0.9111513495445251,
      "E_full": 0.9684878438711166
    }
  },
  "sparse_E_full": {
    "mass": {
      "r2": 0.8702959567308426,
      "ci": [
        0.8105194497853517,
        0.9058300958946347
      ],
      "alpha": 1.0,
      "n": 3728
    },
    "sSFR": {
      "r2": 0.781036764383316,
      "ci": [
        0.7498557865619659,
        0.807365159317851
      ],
      "alpha": 100.0,
      "n": 4473
    },
    "sersic": {
      "r2": 0.6681672036647797,
      "ci": [
        0.6145734935998917,
        0.7174192309379578
      ],
      "alpha": 100.0,
      "n": 3730
    }
  },
  "sparse_E_img": {
    "mass": {
      "r2": 0.7205200493335724,
      "ci": [
        0.6585239477455616,
        0.7723465520888567
      ],
      "alpha": 100.0,
      "n": 3728
    },
    "sSFR": {
      "r2": 0.7614307701587677,
      "ci": [
        0.726124220341444,
        0.7896025653928518
      ],
      "alpha": 100.0,
      "n": 4473
    },
    "sersic": {
      "r2": 0.6637104749679565,
      "ci": [
        0.60796999335289,
        0.712873037904501
      ],
      "alpha": 100.0,
      "n": 3730
    }
  },
  "disentangle": {
    "redshift-g_r": {
      "theta": 52.203194047629616,
      "null": 39.14426795677104,
      "excess": 13.058926090858577
    },
    "redshift-r_z": {
      "theta": 69.16753138813267,
      "null": 50.68981686064754,
      "excess": 18.477714527485134
    },
    "redshift-smooth": {
      "theta": 93.02087192008254,
      "null": 73.67294139490585,
      "excess": 19.347930525176693
    },
    "redshift-merger": {
      "theta": 82.47106253674947,
      "null": 84.48891383147195,
      "excess": -2.017851294722476
    },
    "g_r-r_z": {
      "theta": 40.27033439936853,
      "null": 25.21640650440326,
      "excess": 15.05392789496527
    },
    "g_r-smooth": {
      "theta": 90.51668754840507,
      "null": 78.80645099875234,
      "excess": 11.710236549652734
    },
    "g_r-merger": {
      "theta": 88.05838491100855,
      "null": 85.19552081329093,
      "excess": 2.862864097717619
    },
    "r_z-smooth": {
      "theta": 93.26239796639888,
      "null": 84.26773505855422,
      "excess": 8.994662907844656
    },
    "r_z-merger": {
      "theta": 91.91501351318477,
      "null": 86.23694737309502,
      "excess": 5.678066140089754
    },
    "smooth-merger": {
      "theta": 90.38284615764644,
      "null": 95.93483100962625,
      "excess": -5.55198485197981
    }
  },
  "knn_purity": {
    "smooth": {
      "n": 34289,
      "n_with_confident_neighbor": 34289,
      "mean_confident_neighbors": 18.020793840590276,
      "purity_among_confident_neighbors": 0.9912075323758034
    },
    "featured": {
      "n": 2224,
      "n_with_confident_neighbor": 2223,
      "mean_confident_neighbors": 10.371852517985612,
      "purity_among_confident_neighbors": 0.714385094250131
    }
  },
  "angle_note": "theta - arccos(label correlation) is a descriptive idealized contrast, not a calibrated statistical null in the z-scored, correlated Ridge space"
}