{
  "E_img": {
    "redshift": {
      "r2": 0.7999625716316054,
      "ci": [
        0.7918119109704752,
        0.8086643796176052
      ],
      "alpha": 0.1,
      "n": 48398
    },
    "g_r": {
      "r2": 0.9584165215492249,
      "ci": [
        0.9565029978752136,
        0.9602357506752014
      ],
      "alpha": 0.01,
      "n": 48396
    },
    "r_z": {
      "r2": 0.9111513495445251,
      "ci": [
        0.9030651077628136,
        0.918328033387661
      ],
      "alpha": 0.01,
      "n": 48397
    },
    "smooth": {
      "r2": 0.7920858860015869,
      "ci": [
        0.7817144215106964,
        0.8022103756666183
      ],
      "alpha": 0.01,
      "n": 48398
    },
    "featured": {
      "r2": 0.7939072847366333,
      "ci": [
        0.7828016772866249,
        0.8042627930641174
      ],
      "alpha": 0.01,
      "n": 48398
    },
    "merger": {
      "r2": 0.6809861660003662,
      "ci": [
        0.6583616524934769,
        0.7020987376570702
      ],
      "alpha": 0.01,
      "n": 48398
    },
    "spiral": {
      "r2": 0.2516874670982361,
      "ci": [
        0.15290196537971495,
        0.3340005829930305
      ],
      "alpha": 100.0,
      "n": 3034
    },
    "bar": {
      "r2": 0.5536463260650635,
      "ci": [
        0.4756358668208122,
        0.6248246639966964
      ],
      "alpha": 100.0,
      "n": 3034
    }
  },
  "modality": {
    "redshift": {
      "E_img": 0.7999625716316054,
      "E_full": 0.9761121531999865
    },
    "g_r": {
      "E_img": 0.9584165215492249,
      "E_full": 0.988601565361023
    },
    "r_z": {
      "E_img": 0.9111513495445251,
      "E_full": 0.9684879183769226
    }
  },
  "sparse_E_full": {
    "mass": {
      "r2": 0.8702958822250366,
      "ci": [
        0.8105193883180618,
        0.9058300942182541
      ],
      "alpha": 1.0,
      "n": 3728
    },
    "sSFR": {
      "r2": 0.8475615978240967,
      "ci": [
        0.8033098623156547,
        0.8853089541196822
      ],
      "alpha": 1.0,
      "n": 4760
    },
    "sersic": {
      "r2": 0.668167233467102,
      "ci": [
        0.6145734369754792,
        0.7174192309379578
      ],
      "alpha": 100.0,
      "n": 3730
    }
  },
  "sparse_E_img": {
    "mass": {
      "r2": 0.72052001953125,
      "ci": [
        0.6585238888859749,
        0.7723465368151665
      ],
      "alpha": 100.0,
      "n": 3728
    },
    "sSFR": {
      "r2": 0.7603365182876587,
      "ci": [
        0.6923660099506378,
        0.8157841056585312
      ],
      "alpha": 10.0,
      "n": 4760
    },
    "sersic": {
      "r2": 0.6637104749679565,
      "ci": [
        0.60796999335289,
        0.7128730669617652
      ],
      "alpha": 100.0,
      "n": 3730
    }
  },
  "disentangle": {
    "redshift-g_r": {
      "theta": 52.21052169799805,
      "null": 39.144267956771074,
      "excess": 13.066253741226973
    },
    "redshift-r_z": {
      "theta": 69.17942810058594,
      "null": 50.68981686064761,
      "excess": 18.489611239938327
    },
    "redshift-smooth": {
      "theta": 93.0249252319336,
      "null": 73.67294139490586,
      "excess": 19.35198383702773
    },
    "redshift-merger": {
      "theta": 82.47298431396484,
      "null": 84.48891383147195,
      "excess": -2.0159295175071037
    },
    "g_r-r_z": {
      "theta": 40.27058410644531,
      "null": 25.216406504403064,
      "excess": 15.054177602042248
    },
    "g_r-smooth": {
      "theta": 90.51556396484375,
      "null": 78.80645099875234,
      "excess": 11.70911296609141
    },
    "g_r-merger": {
      "theta": 88.05746459960938,
      "null": 85.19552081329091,
      "excess": 2.861943786318463
    },
    "r_z-smooth": {
      "theta": 93.26316833496094,
      "null": 84.26773505855424,
      "excess": 8.9954332764067
    },
    "r_z-merger": {
      "theta": 91.91841125488281,
      "null": 86.23694737309502,
      "excess": 5.681463881787792
    },
    "smooth-merger": {
      "theta": 90.37571716308594,
      "null": 95.93483100962625,
      "excess": -5.559113846540313
    }
  },
  "knn_purity": {
    "smooth": {
      "n": 34289,
      "purity": 0.9912075323758036
    },
    "featured": {
      "n": 2224,
      "purity": 0.7140638779307739
    }
  }
}