{
  "health": {
    "R4_s0": {
      "fvu": 0.03566243499517441,
      "alive": 0.648681640625
    },
    "R4_s1": {
      "fvu": 0.035016193985939026,
      "alive": 0.67724609375
    },
    "R4_s2": {
      "fvu": 0.03598502650856972,
      "alive": 0.699462890625
    },
    "R4_s3": {
      "fvu": 0.03565402701497078,
      "alive": 0.666015625
    },
    "R4_s4": {
      "fvu": 0.035473234951496124,
      "alive": 0.669189453125
    },
    "R8_s0": {
      "fvu": 0.03411105275154114,
      "alive": 0.33056640625
    },
    "R8_s1": {
      "fvu": 0.03441040217876434,
      "alive": 0.3272705078125
    },
    "R8_s2": {
      "fvu": 0.03465636074542999,
      "alive": 0.3265380859375
    },
    "R8_s3": {
      "fvu": 0.034685611724853516,
      "alive": 0.3255615234375
    },
    "R8_s4": {
      "fvu": 0.034605722874403,
      "alive": 0.3267822265625
    }
  },
  "frontier": {
    "4": 0.14184057712554932,
    "8": 0.09160848706960678,
    "16": 0.05776423215866089,
    "24": 0.04349822551012039,
    "32": 0.03566243499517441,
    "48": 0.026494193822145462,
    "64": 0.022502578794956207,
    "96": 0.017770975828170776,
    "128": 0.01511344127357006
  },
  "concepts": {
    "n_features": 4096,
    "n_active": 2657,
    "align_null_thr95": 0.011936190698312858,
    "align_null_thr99": 0.012888434508965875,
    "max_align": 0.27942093938834245,
    "aligned_sig": 717,
    "aligned_strong": 690,
    "aligned_and_stable": 335,
    "median_best_cosine": 0.46024811267852783,
    "frac_active_stable": 0.14828754234098607,
    "alien_candidates": 59
  },
  "named_concepts": {
    "redshift": {
      "n": 166,
      "n_stable": 87,
      "top_align": 0.12595805729886955
    },
    "g-r": {
      "n": 204,
      "n_stable": 80,
      "top_align": 0.2724224479842097
    },
    "r-z": {
      "n": 89,
      "n_stable": 41,
      "top_align": 0.20981726614191032
    },
    "smooth": {
      "n": 81,
      "n_stable": 37,
      "top_align": 0.27942093938834245
    },
    "featured": {
      "n": 114,
      "n_stable": 52,
      "top_align": 0.24525384402347974
    },
    "merger": {
      "n": 63,
      "n_stable": 38,
      "top_align": 0.1635602153320113
    }
  }
}