{
  "health": {
    "R4_s0": {
      "fvu": 0.03565610572695732,
      "alive": 0.646484375
    },
    "R4_s1": {
      "fvu": 0.034894198179244995,
      "alive": 0.673583984375
    },
    "R4_s2": {
      "fvu": 0.03589534014463425,
      "alive": 0.708984375
    },
    "R4_s3": {
      "fvu": 0.035665374249219894,
      "alive": 0.66796875
    },
    "R4_s4": {
      "fvu": 0.03546382114291191,
      "alive": 0.7001953125
    },
    "R8_s0": {
      "fvu": 0.033955544233322144,
      "alive": 0.3380126953125
    },
    "R8_s1": {
      "fvu": 0.03449712321162224,
      "alive": 0.3323974609375
    },
    "R8_s2": {
      "fvu": 0.03463331237435341,
      "alive": 0.338134765625
    },
    "R8_s3": {
      "fvu": 0.0345660075545311,
      "alive": 0.3382568359375
    },
    "R8_s4": {
      "fvu": 0.034463346004486084,
      "alive": 0.3345947265625
    }
  },
  "frontier": {
    "4": 0.1414930373430252,
    "8": 0.09147770702838898,
    "12": 0.06985504925251007,
    "16": 0.057697977870702744,
    "24": 0.04371662437915802,
    "32": 0.03565610572695732,
    "48": 0.026420950889587402,
    "64": 0.022544387727975845,
    "96": 0.017639417201280594,
    "128": 0.0150375971570611
  },
  "concepts": {
    "n_features": 4096,
    "n_active": 2648,
    "multiple_testing": "per-feature min p Bonferroni across 6 labels; BH q<=0.05 across active dictionary",
    "rank_method": "average ties (true Spearman ranks)",
    "max_align": 0.4092123508453369,
    "aligned_fdr": 1686,
    "aligned_effect_gt_0p1": 523,
    "aligned_and_stable": 380,
    "median_best_cosine": 0.4622735381126404,
    "frac_active_stable": 0.14463746223564955,
    "stable_unexplained_not_label_aligned": 3,
    "candidate_note": "descriptive candidates only; novelty threshold has no confirmatory p-value"
  },
  "named_concepts": {
    "redshift": {
      "n": 382,
      "n_stable": 104,
      "top_align": 0.3060600161552429
    },
    "g-r": {
      "n": 379,
      "n_stable": 71,
      "top_align": 0.37974557280540466
    },
    "r-z": {
      "n": 224,
      "n_stable": 44,
      "top_align": 0.4092123508453369
    },
    "smooth": {
      "n": 228,
      "n_stable": 50,
      "top_align": 0.3430343270301819
    },
    "featured": {
      "n": 267,
      "n_stable": 63,
      "top_align": 0.294862300157547
    },
    "merger": {
      "n": 206,
      "n_stable": 48,
      "top_align": 0.26291754841804504
    }
  }
}