{
  "E_full": {
    "n": 48398,
    "d": 1024,
    "nan": 0,
    "inf": 0,
    "norm_mean": 48.3740119934082,
    "norm_std": 2.5168535709381104,
    "norm_min": 34.35902404785156,
    "norm_max": 56.544464111328125,
    "dim_std_min": 0.1292305588722229,
    "dim_std_max": 2.92655873298645,
    "participation_ratio": 7.397200506399276,
    "pcs_for_variance": {
      "var50": 3,
      "var90": 25,
      "var95": 45,
      "var99": 143
    }
  },
  "E_img": {
    "n": 48398,
    "d": 1024,
    "nan": 0,
    "inf": 0,
    "norm_mean": 49.580421447753906,
    "norm_std": 2.4634997844696045,
    "norm_min": 35.097808837890625,
    "norm_max": 57.38834762573242,
    "dim_std_min": 0.1267426460981369,
    "dim_std_max": 2.803079605102539,
    "participation_ratio": 8.164450275223704,
    "pcs_for_variance": {
      "var50": 3,
      "var90": 25,
      "var95": 44,
      "var99": 137
    }
  }
}