{
  "gmm_means": [
    0.7821265459060669,
    1.242492914199829
  ],
  "cut": 1.0123097896575928,
  "ID_passive": {
    "n": 22614,
    "mle": 17.189788818359375,
    "ci": [
      17.00650405883789,
      17.43440818786621
    ]
  },
  "ID_sf": {
    "n": 25782,
    "mle": 15.53421401977539,
    "ci": [
      15.394052505493164,
      15.729187965393066
    ]
  },
  "delta_ID": {
    "mean": 1.661881923675537,
    "ci": [
      1.3833469152450562,
      1.9613759517669678
    ],
    "excludes_zero": true
  }
}