{
  "beta0": {
    "estimator": "symmetric_15NN_graph_MST_not_full_Euclidean_MST",
    "k": 15,
    "knn_components": 1,
    "top_mst_edges": [
      64.99555969238281,
      61.267333984375,
      60.92873001098633,
      58.897647857666016,
      51.54486846923828,
      49.0626106262207,
      47.12126541137695,
      44.605953216552734
    ],
    "top_gaps": [
      3.7282257080078125,
      0.3386039733886719,
      2.0310821533203125,
      7.352779388427734,
      2.482257843017578,
      1.94134521484375,
      2.5153121948242188,
      0.14837265014648438
    ],
    "split_sizes": {
      "1": [
        48397,
        1
      ],
      "2": [
        48396,
        1,
        1
      ],
      "3": [
        48395,
        1,
        1,
        1
      ]
    },
    "interpretation": "connectivity and largest-edge split diagnostic; not an exact persistent beta0 theorem for the underlying manifold"
  },
  "beta0_k_sensitivity": {
    "10": {
      "estimator": "symmetric_10NN_graph_MST_not_full_Euclidean_MST",
      "k": 10,
      "knn_components": 1,
      "top_mst_edges": [
        64.99555969238281,
        61.267333984375,
        60.92873001098633,
        58.897647857666016,
        51.54486846923828,
        49.0626106262207,
        47.12126541137695,
        44.605953216552734
      ],
      "top_gaps": [
        3.7282257080078125,
        0.3386039733886719,
        2.0310821533203125,
        7.352779388427734,
        2.482257843017578,
        1.94134521484375,
        2.5153121948242188,
        0.14837265014648438
      ],
      "split_sizes": {
        "1": [
          48397,
          1
        ],
        "2": [
          48396,
          1,
          1
        ],
        "3": [
          48395,
          1,
          1,
          1
        ]
      },
      "interpretation": "connectivity and largest-edge split diagnostic; not an exact persistent beta0 theorem for the underlying manifold"
    },
    "15": {
      "estimator": "symmetric_15NN_graph_MST_not_full_Euclidean_MST",
      "k": 15,
      "knn_components": 1,
      "top_mst_edges": [
        64.99555969238281,
        61.267333984375,
        60.92873001098633,
        58.897647857666016,
        51.54486846923828,
        49.0626106262207,
        47.12126541137695,
        44.605953216552734
      ],
      "top_gaps": [
        3.7282257080078125,
        0.3386039733886719,
        2.0310821533203125,
        7.352779388427734,
        2.482257843017578,
        1.94134521484375,
        2.5153121948242188,
        0.14837265014648438
      ],
      "split_sizes": {
        "1": [
          48397,
          1
        ],
        "2": [
          48396,
          1,
          1
        ],
        "3": [
          48395,
          1,
          1,
          1
        ]
      },
      "interpretation": "connectivity and largest-edge split diagnostic; not an exact persistent beta0 theorem for the underlying manifold"
    },
    "20": {
      "estimator": "symmetric_20NN_graph_MST_not_full_Euclidean_MST",
      "k": 20,
      "knn_components": 1,
      "top_mst_edges": [
        64.99555969238281,
        61.267333984375,
        60.92873001098633,
        58.897647857666016,
        51.54486846923828,
        49.0626106262207,
        47.12126541137695,
        44.605953216552734
      ],
      "top_gaps": [
        3.7282257080078125,
        0.3386039733886719,
        2.0310821533203125,
        7.352779388427734,
        2.482257843017578,
        1.94134521484375,
        2.5153121948242188,
        0.14837265014648438
      ],
      "split_sizes": {
        "1": [
          48397,
          1
        ],
        "2": [
          48396,
          1,
          1
        ],
        "3": [
          48395,
          1,
          1,
          1
        ]
      },
      "interpretation": "connectivity and largest-edge split diagnostic; not an exact persistent beta0 theorem for the underlying manifold"
    }
  },
  "beta1": {
    "euclidean": {
      "mean_bars": 2174.8,
      "max_persistence": 0.10484504699707031,
      "per_rep_max_persistence": [
        0.0675705075263977,
        0.06247374415397644,
        0.06281471252441406,
        0.06474682688713074,
        0.07161116600036621,
        0.07265850901603699,
        0.05910637974739075,
        0.10484504699707031,
        0.08789432048797607,
        0.0682697594165802
      ],
      "per_rep_sig_count": [
        0,
        0,
        0,
        0,
        0,
        0,
        0,
        1,
        0,
        0
      ],
      "subsamples_with_any_over_0p1": 1,
      "sig_loops_mean": 0.1,
      "sig_loops_range": [
        0,
        1
      ]
    },
    "fermat": {
      "mean_bars": 2530.9,
      "max_persistence": 0.1833493858575821,
      "per_rep_max_persistence": [
        0.07368181645870209,
        0.12498588860034943,
        0.05443570017814636,
        0.0798301100730896,
        0.1833493858575821,
        0.0642911046743393,
        0.10086134076118469,
        0.1064138114452362,
        0.05913449078798294,
        0.1023014634847641
      ],
      "per_rep_sig_count": [
        0,
        1,
        0,
        0,
        1,
        0,
        1,
        2,
        0,
        1
      ],
      "subsamples_with_any_over_0p1": 5,
      "sig_loops_mean": 0.6,
      "sig_loops_range": [
        0,
        2
      ]
    },
    "diffusion": {
      "mean_bars": 1134.2,
      "max_persistence": 0.19656306505203247,
      "per_rep_max_persistence": [
        0.10142873227596283,
        0.12542887032032013,
        0.1578853577375412,
        0.11403070390224457,
        0.11579054594039917,
        0.10257944464683533,
        0.11297839879989624,
        0.10777834057807922,
        0.15227316319942474,
        0.19656306505203247
      ],
      "per_rep_sig_count": [
        2,
        3,
        3,
        1,
        7,
        2,
        5,
        2,
        2,
        4
      ],
      "subsamples_with_any_over_0p1": 10,
      "sig_loops_mean": 3.1,
      "sig_loops_range": [
        1,
        7
      ]
    },
    "_design": {
      "seed": 0,
      "n_rep": 10,
      "n_sub": 2000,
      "paired_subsamples_across_metrics": true,
      "diffusion": "alpha=1 self-tuned, matching diffusionMap.py",
      "threshold_note": "0.1 is descriptive; persistence resampling supplies the band"
    }
  }
}