{
  "beta0": {
    "knn_components": 1,
    "top_mst_edges": [
      64.99555969238281,
      61.267333984375,
      60.92873001098633,
      58.89764404296875,
      51.54486846923828,
      49.0626106262207,
      47.12126541137695,
      44.60595703125
    ],
    "top_gaps": [
      3.7282257080078125,
      0.3386039733886719,
      2.031085968017578,
      7.352775573730469,
      2.482257843017578,
      1.94134521484375,
      2.515308380126953,
      0.14837646484375
    ],
    "split_sizes": {
      "1": [
        48397,
        1
      ],
      "2": [
        48396,
        1,
        1
      ],
      "3": [
        48395,
        1,
        1,
        1
      ]
    }
  },
  "beta1": {
    "euclidean": {
      "mean_bars": 2174.8,
      "max_persistence": 0.10484504699707031,
      "sig_loops_mean": 0.1,
      "sig_loops_range": [
        0,
        1
      ]
    },
    "fermat": {
      "mean_bars": 2516.5,
      "max_persistence": 0.1376045048236847,
      "sig_loops_mean": 0.2,
      "sig_loops_range": [
        0,
        1
      ]
    },
    "diffusion": {
      "mean_bars": 1094.1,
      "max_persistence": 0.08114156126976013,
      "sig_loops_mean": 0.0,
      "sig_loops_range": [
        0,
        0
      ]
    }
  }
}