{
  "covariates": [
    "ebv",
    "psfsize_g",
    "psfsize_r",
    "psfsize_i",
    "psfsize_z",
    "psfdepth_g",
    "psfdepth_r",
    "psfdepth_i",
    "psfdepth_z"
  ],
  "cosRA": {
    "r2_from_Eimg": 0.4146489919766265,
    "r2_from_covariates": 0.2835602908650735,
    "r2_residual_from_Eimg": 0.24139194954951826,
    "r2_drop_frac": 0.4178402595438473
  },
  "sinRA": {
    "r2_from_Eimg": 0.17446326292456293,
    "r2_from_covariates": 0.09210685667827978,
    "r2_residual_from_Eimg": 0.08387579370736653,
    "r2_drop_frac": 0.5192352114632064
  },
  "drop_note": "r2_drop_frac compares R2 on targets with different variances (raw vs condition-residualized RA); it is a crude drop measure, NOT a mediation fraction of the RA signal explained by observing conditions",
  "cond_in_Eimg": {
    "ebv": 0.30293559061325637,
    "psfdepth_r": 0.4405145883174054,
    "psfsize_r": 0.6852774274777458
  },
  "align_cosRA_dir": {
    "ebv": 0.4192736744880676,
    "psfdepth_r": 0.052466511726379395,
    "psfsize_r": 0.21141469478607178
  }
}