{
  "n_elong_with_shapes": 15893,
  "n_test": 3179,
  "img_vs_true": {
    "med_err_deg": 2.026707430660021,
    "ci": [
      1.945375782672296,
      2.1045117640017073
    ]
  },
  "shape_vs_true": {
    "med_err_deg": 2.8327937603635567,
    "ci": [
      2.7166971905778805,
      2.9601848967826303
    ]
  },
  "img_vs_shape": {
    "med_err_deg": 3.552435874938965,
    "ci": [
      3.4144413352012633,
      3.723792850971222
    ]
  }
}