{
  "n": 48398,
  "ra_loop_k1": {
    "med_err_deg": 2.8646920227749773,
    "ci": [
      2.7782938296949764,
      2.938795890081596
    ],
    "r2_cos": 0.9888833295498257,
    "r2_sin": 0.9785353233774767
  },
  "dec_scalar": {
    "r2": 0.9880850101717313,
    "ci": [
      0.9875577815714052,
      0.988686401091823
    ]
  },
  "dec_loop_k1_control": {
    "med_err_deg": 1.6744536350062091,
    "ci": [
      1.6357029970733448,
      1.7147207573402194
    ],
    "r2_cos": 0.9929910170479135,
    "r2_sin": 0.9883573583675356
  }
}