{
  "n_total": 48398,
  "n_elong": 15893,
  "ellip_min": 0.3,
  "pa_loop_Eimg": {
    "n": 15893,
    "r2_cos": 0.9702855106899314,
    "r2_sin": 0.9658395137044014,
    "med_err_deg": 2.0266658091947662,
    "med_err_ci": [
      1.9454188726211046,
      2.1045739400674948
    ],
    "frac_within_20": 0.9971689210443536
  },
  "pa_loop_Efull": {
    "n": 15893,
    "r2_cos": 0.9683255892943285,
    "r2_sin": 0.9637525757973734,
    "med_err_deg": 2.1456221678626832,
    "med_err_ci": [
      2.0628116694465466,
      2.2505315252036246
    ],
    "frac_within_20": 0.9974834853727588
  },
  "pa_vs_ellip": {
    "0.10-0.25": {
      "n": 16728,
      "med_err_deg": 4.931722963297984,
      "frac_within_20": 0.9488942020322774
    },
    "0.25-0.40": {
      "n": 10152,
      "med_err_deg": 2.7573008417124587,
      "frac_within_20": 0.9931068439192516
    },
    "0.40-0.55": {
      "n": 6028,
      "med_err_deg": 1.9844921190415832,
      "frac_within_20": 0.9975124378109452
    },
    "0.55-0.70": {
      "n": 3089,
      "med_err_deg": 1.4074812738449785,
      "frac_within_20": 0.9983818770226537
    },
    "0.70-1.00": {
      "n": 686,
      "med_err_deg": 1.7707646628284963,
      "frac_within_20": 0.9855072463768116
    }
  },
  "pa_null_shuffle": {
    "n": 15893,
    "r2_cos": -0.0008203818395586815,
    "r2_sin": -0.003991224206509658,
    "med_err_deg": 44.060108481458265,
    "med_err_ci": [
      42.51319001266388,
      45.7604556781442
    ],
    "frac_within_20": 0.23151934570619692
  },
  "pa_linear_scalar": {
    "r2": 0.7736382604856948,
    "ci": [
      0.755462861184424,
      0.7927282922360388
    ],
    "n": 15893,
    "alpha": 0.01
  },
  "pa_loop_PCA2": {
    "n": 15893,
    "r2_cos": -0.00010772107269563236,
    "r2_sin": -0.0008133689060640936,
    "med_err_deg": 43.197983301397834,
    "med_err_ci": [
      41.777984103232264,
      45.476537508440096
    ],
    "frac_within_20": 0.2255426234664989
  },
  "ra_control_Eimg": {
    "n": 48398,
    "r2_cos": 0.4146489919766265,
    "r2_sin": 0.17446326292456293,
    "med_err_deg": 37.284113170919426,
    "med_err_ci": [
      36.35328515609956,
      38.08167033700823
    ],
    "frac_within_20": 0.2953512396694215
  },
  "pa_loop_snrcut": {
    "n": 15893,
    "r2_cos": 0.9702855106899314,
    "r2_sin": 0.9658395137044014,
    "med_err_deg": 2.0266658091947662,
    "med_err_ci": [
      1.9454188726211046,
      2.1045739400674948
    ],
    "frac_within_20": 0.9971689210443536,
    "n_excluded_by_cut": 0,
    "identical_to_headline": true
  },
  "pa_vs_brightness": {
    "bright": {
      "n": 5293,
      "med_err_deg": 2.0324361055921214,
      "loop_radius": 0.9926921725273132
    },
    "mid": {
      "n": 5307,
      "med_err_deg": 2.1835323722593385,
      "loop_radius": 0.992305338382721
    },
    "faint": {
      "n": 5293,
      "med_err_deg": 2.257222864789937,
      "loop_radius": 0.9923815131187439
    }
  },
  "pa_vs_morphology": {
    "smooth": {
      "n": 9124,
      "med_err_deg": 2.1043813151160227,
      "loop_radius": 0.9932639002799988
    },
    "featured": {
      "n": 864,
      "med_err_deg": 2.466493070160434,
      "loop_radius": 0.986382007598877
    }
  },
  "inclination_Eimg": {
    "r2": 0.8445411270513328,
    "ci": [
      0.8296006354460373,
      0.8582704685072331
    ],
    "n": 15893,
    "alpha": 1.0
  },
  "axisratio_Eimg": {
    "r2": 0.8486583945986054,
    "ci": [
      0.8334744310390851,
      0.8621291277241394
    ],
    "n": 15893,
    "alpha": 1.0
  },
  "edgeon_vote_Eimg": {
    "r2": 0.8889097921570244,
    "ci": [
      0.8742504352588908,
      0.9053631428662917
    ],
    "n": 4948,
    "alpha": 10.0
  }
}