{
  "n_total": 48398,
  "n_branch_population": 3555,
  "decode": {
    "featured": {
      "r2": 0.7939072876726601,
      "ci": [
        0.7830509787678842,
        0.8024646196567053
      ],
      "n": 48398,
      "alpha": 0.01
    },
    "spiral_branch": {
      "r2": 0.25168749578158567,
      "ci": [
        0.14594755586161934,
        0.3361486765273256
      ],
      "n": 3034,
      "alpha": 100.0
    },
    "bar_branch": {
      "r2": 0.553646360727331,
      "ci": [
        0.48274331014092475,
        0.6241949983164157
      ],
      "n": 3034,
      "alpha": 100.0
    },
    "edgeon": {
      "r2": 0.8889097921570244,
      "ci": [
        0.8742504352588908,
        0.9053631428662917
      ],
      "n": 4948,
      "alpha": 10.0
    },
    "sersic": {
      "r2": 0.663710454360101,
      "ci": [
        0.6146098253772965,
        0.7092037192751608
      ],
      "n": 3730,
      "alpha": 100.0
    }
  },
  "n_branch_finite_bar": 3034,
  "n_branch_finite_spiral": 3034,
  "angles": {
    "seq-bar": {
      "embed_angle": 86.56752652198801,
      "embed_ci": [
        84.64603210066302,
        89.27255341089904
      ],
      "embed_ci_basic": [
        83.862499633077,
        88.48902094331301
      ],
      "label_null": 74.63429805278525,
      "label_null_ci": [
        72.90499822903949,
        76.35982233759678
      ],
      "excess": 11.93322846920276,
      "excess_ci": [
        9.60450296916729,
        15.124116059313696
      ],
      "excess_ci_basic": [
        8.742340879091824,
        14.26195396923823
      ],
      "n_a": 48398,
      "n_b": 3034
    },
    "seq-spiral": {
      "embed_angle": 79.45148792994985,
      "embed_ci": [
        79.54800764067711,
        84.47292917139364
      ],
      "embed_ci_basic": [
        74.43004668850605,
        79.35496821922258
      ],
      "label_null": 51.91979702193949,
      "label_null_ci": [
        50.7730495786586,
        53.175753283496924
      ],
      "excess": 27.53169090801036,
      "excess_ci": [
        27.104018400588526,
        32.930734085874704
      ],
      "excess_ci_basic": [
        22.13264773014602,
        27.959363415432197
      ],
      "n_a": 48398,
      "n_b": 3034
    },
    "bar-spiral": {
      "embed_angle": 86.2642467474155,
      "embed_ci": [
        82.77774901633272,
        90.63348509545881
      ],
      "embed_ci_basic": [
        81.89500839937219,
        89.75074447849828
      ],
      "label_null": 91.41978617237591,
      "label_null_ci": [
        88.88208524894108,
        93.64646041252297
      ],
      "excess": -5.155539424960409,
      "excess_ci": [
        -8.236669474302332,
        -0.20894087882353463
      ],
      "excess_ci_basic": [
        -10.102137971097283,
        -2.0744093756184867
      ],
      "n_a": 3034,
      "n_b": 3034
    },
    "seq-edgeon": {
      "embed_angle": 83.46994867992234,
      "embed_ci": [
        82.27618995890735,
        86.32478462413935
      ],
      "embed_ci_basic": [
        80.61511273570532,
        84.66370740093733
      ],
      "label_null": 105.61520732806035,
      "label_null_ci": [
        104.24593840397515,
        106.95453696977779
      ],
      "excess": -22.14525864813801,
      "excess_ci": [
        -23.59399021047961,
        -19.05098218499181
      ],
      "excess_ci_basic": [
        -25.239535111284212,
        -20.69652708579641
      ],
      "n_a": 48398,
      "n_b": 4948
    },
    "seq-redshift": {
      "embed_angle": 86.79287717955191,
      "embed_ci": [
        85.05713195632849,
        88.52420776890631
      ],
      "embed_ci_basic": [
        85.06154659019751,
        88.52862240277533
      ],
      "label_null": 107.68842210743948,
      "label_null_ci": [
        107.1708632273056,
        108.17003634182761
      ],
      "excess": -20.89554492788757,
      "excess_ci": [
        -22.724475565673618,
        -19.110993786081558
      ],
      "excess_ci_basic": [
        -22.680096069693583,
        -19.066614290101523
      ],
      "n_a": 48398,
      "n_b": 48398
    },
    "seq-sersic": {
      "embed_angle": 91.05340674324945,
      "embed_ci": [
        88.51218156507561,
        93.30108082922702
      ],
      "embed_ci_basic": [
        88.80573265727189,
        93.5946319214233
      ],
      "label_null": 106.50904331336568,
      "label_null_ci": [
        105.10410753765368,
        108.31313885856818
      ],
      "excess": -15.455636570116226,
      "excess_ci": [
        -18.51295929246339,
        -12.813997083944868
      ],
      "excess_ci_basic": [
        -18.097276056287583,
        -12.398313847769064
      ],
      "n_a": 48398,
      "n_b": 3730
    }
  },
  "random_pair_angle": {
    "median": 89.8825677459,
    "p5": 87.38463398212848,
    "p95": 92.88115122799695
  },
  "fork_opens_bar": {
    "std_elliptical": 0.4844283163547516,
    "std_disk": 0.8233587741851807,
    "ratio": 1.6996503810536472,
    "n_ell": 34289,
    "n_disk": 1820,
    "shuffle_null_ratios": [
      0.8049659078844214,
      0.7614996578113974,
      0.9064295474276568,
      0.697359514170927,
      0.928809640669687
    ],
    "split_half_heldout_ratios": [
      1.7858850003638969,
      1.6279593529255991,
      1.527623402671506,
      1.717831549315803,
      1.6101560300626996
    ]
  },
  "fork_opens_spiral": {
    "std_elliptical": 0.7020013928413391,
    "std_disk": 0.5359669327735901,
    "ratio": 0.7634841433017513,
    "n_ell": 34289,
    "n_disk": 1820
  },
  "sequence_curvature": {
    "path_len": 31.40298080444336,
    "chord": 25.166109085083008,
    "ratio": 1.247828208098216,
    "ratio_noise_corrected": 1.2201420587303686,
    "matched_straight_line_null_mean": 1.0383232737713708,
    "matched_straight_line_null_std": 0.0006894514167208231,
    "null_note": "true straight line with the real along-chord centroid spacings and real per-centroid sampling noise (within-bin var/n_bin per dim), 20 seeds"
  },
  "geodesic_vs_euclidean_sersic": {
    "label": "sersic",
    "n_sampled": 2000,
    "n_query": 1406,
    "mean_dist_euclidean": 1.2925697141245274,
    "mean_dist_geodesic": 1.3790592641833779,
    "frac_geodesic_better": 0.43243243243243246
  },
  "geodesic_vs_euclidean_votes": {
    "label": "vote_vector",
    "n_sampled": 2000,
    "n_query": 1237,
    "mean_dist_euclidean": 0.29239287077391796,
    "mean_dist_geodesic": 0.31542912651034616,
    "frac_geodesic_better": 0.36782538399353276
  },
  "preferred_axis": {
    "angle_seq_vs_sersic_direction": 91.05340674324945
  },
  "seq_validation": {
    "corr_featured": 0.8868633367791973,
    "corr_smooth": -0.8704562344477865,
    "corr_sersic": -0.31514687548371684
  },
  "monotonicity_spearman": {
    "featured": 0.8745236843386276,
    "smooth": -0.8069026672227289,
    "sersic": -0.3024326535650723
  },
  "fork_dimensionality": {
    "n_disk": 1820,
    "explained_variance_ratio_top10": [
      0.26309719681739807,
      0.22254469990730286,
      0.06670328229665756,
      0.049560241401195526,
      0.04101337492465973,
      0.03562252223491669,
      0.03105097822844982,
      0.0257928017526865,
      0.023293128237128258,
      0.020816830918192863
    ],
    "pc1_aligned_with_bar": 0.004658075515180826
  }
}